province,city
alberta,airdrie
alberta,aldersyde
alberta,balzac
alberta,banff
alberta,beaumont
alberta,beiseker
alberta,black diamond
alberta,bonnyville
alberta,brooks
alberta,bruderheim
alberta,calgary
alberta,camrose
alberta,canmore
alberta,carmangay
alberta,chestermere
alberta,cochrane
alberta,cold lake
alberta,crossfield
alberta,de winton
alberta,drumheller
alberta,duchess
alberta,edmonton
alberta,edson
alberta,fort mcmurray
alberta,fort saskatchewan
alberta,grande prairie
alberta,high river
alberta,innisfail
alberta,langdon
alberta,leduc
alberta,lethbridge
alberta,medicine hat
alberta,morinville
alberta,nisku
alberta,okotoks
alberta,olds
alberta,peace river
alberta,ponoka
alberta,priddis
alberta,red deer
alberta,rocky view
alberta,shaughnessy
alberta,sherwood park
alberta,slave lake
alberta,spruce grove
alberta,st. albert
alberta,st. paul
alberta,stony plain
alberta,strathmore
alberta,sylvan lake
alberta,wainwright
alberta,westlock
alberta,wetaskiwin
alberta,whitecourt
british columbia,abbotsford
british columbia,burnaby
british columbia,campbell river
british columbia,chilliwack
british columbia,colwood
british columbia,comox
british columbia,coquitlam
british columbia,courtenay
british columbia,cranbrook
british columbia,dawson creek
british columbia,delta
british columbia,duncan
british columbia,fort nelson
british columbia,fort st john
british columbia,golden
british columbia,horseshoe bay
british columbia,invermere
british columbia,kamloops
british columbia,kelowna
british columbia,kitimat
british columbia,ladysmith
british columbia,lake country
british columbia,langford
british columbia,langley
british columbia,maple ridge
british columbia,mission
british columbia,nanaimo
british columbia,new westminster
british columbia,north cowichan
british columbia,parksville
british columbia,penticton
british columbia,port alberni
british columbia,port coquitlam
british columbia,port moody
british columbia,prince george
british columbia,richmond
british columbia,saanich
british columbia,sooke
british columbia,squamish
british columbia,summerland
british columbia,surrey
british columbia,taylor
british columbia,vancouver
british columbia,vernon
british columbia,victoria
british columbia,wardner
british columbia,west kelowna
british columbia,west vancouver
british columbia,white rock
manitoba,beausejour
manitoba,blumenort
manitoba,brandon
manitoba,headingley
manitoba,ile des chênes
manitoba,niverville
manitoba,portage la prairie
manitoba,saint adolphe
manitoba,selkirk
manitoba,steinbach
manitoba,thompson
manitoba,west st. paul
manitoba,winnipeg
new brunswick,dieppe
new brunswick,moncton
new brunswick,saint john
newfoundland and labrador,st. john's
nova scotia,bedford
nova scotia,bridgewater
nova scotia,glace bay
nova scotia,halifax
ontario,ajax
ontario,amherstview
ontario,ancaster
ontario,aurora
ontario,ayr
ontario,barrie
ontario,belleville
ontario,bolton
ontario,bowmanville
ontario,bradford
ontario,braeside
ontario,brampton
ontario,brantford
ontario,breslau
ontario,brockville
ontario,burlington
ontario,caledon
ontario,cambridge
ontario,carleton place
ontario,chatham
ontario,clarington
ontario,collingwood
ontario,cornwall
ontario,deep river
ontario,east gwillimbury
ontario,east york
ontario,fergus
ontario,fort erie
ontario,georgina
ontario,gloucester
ontario,gravenhurst
ontario,grimsby
ontario,guelph
ontario,hamilton
ontario,hanover
ontario,huntsville
ontario,innisfil
ontario,kanata
ontario,kingston
ontario,kitchener
ontario,lasalle
ontario,leamington
ontario,lindsay
ontario,listowel
ontario,london
ontario,lucan
ontario,markham
ontario,milton
ontario,mississauga
ontario,mount forest
ontario,newmarket
ontario,niagara falls
ontario,niagara-on-the-lake
ontario,north bay
ontario,north york
ontario,oakville
ontario,orangeville
ontario,orillia
ontario,oshawa
ontario,ottawa
ontario,owen sound
ontario,paris
ontario,pelham
ontario,penetanguishene
ontario,peterborough
ontario,pickering
ontario,port colborne
ontario,port elgin
ontario,prince edward
ontario,richmond hill
ontario,ridgetown
ontario,sarnia
ontario,sault ste. marie
ontario,scarborough
ontario,st thomas
ontario,st. catharines
ontario,stoney creek
ontario,stratford
ontario,strathroy
ontario,sudbury
ontario,tecumseh
ontario,thorold
ontario,thunder bay
ontario,tilbury
ontario,tillsonburg
ontario,timmins
ontario,toronto
ontario,trenton
ontario,vanier
ontario,vaughan
ontario,waterloo
ontario,welland
ontario,whitby
ontario,whitchurch-stouffville
ontario,windsor
ontario,woodstock
ontario,wyoming
quebec,boisbriand
quebec,brossard
quebec,candiac
quebec,côte saint-luc
quebec,dorval
quebec,gatineau
quebec,hampstead
quebec,laval
quebec,longueuil
quebec,mascouche
quebec,mont-saint-hilaire
quebec,montréal
quebec,pointe-claire
quebec,quebec city
quebec,repentigny
quebec,saguenay
quebec,saint-constant
quebec,saint-hyacinthe
quebec,saint-jérôme
quebec,sherbrooke
quebec,terrebonne
quebec,varennes
quebec,vaudreuil-dorion
quebec,ville-marie
quebec,westmount
saskatchewan,assiniboia
saskatchewan,christopher lake
saskatchewan,lloydminster
saskatchewan,moose jaw
saskatchewan,outlook
saskatchewan,pilot butte
saskatchewan,prince albert
saskatchewan,regina
saskatchewan,saskatoon
saskatchewan,swift current
saskatchewan,warman
saskatchewan,yorkton
